Date,Close,High,Low,Open,Volume
2020-12-10,144.7100067138672,165.0,141.25,146.0,70447500
2020-12-11,139.25,151.5,135.10000610351562,146.5500030517578,26980800
2020-12-14,130.0,135.3000030517578,125.16000366210938,135.0,16966100
2020-12-15,124.80000305175781,127.5999984741211,121.5,126.69000244140625,10914400
2020-12-16,137.99000549316406,142.0,124.91000366210938,125.83000183105469,20409600
2020-12-17,147.0500030517578,152.4499969482422,142.6699981689453,143.0,15054700
2020-12-18,157.3000030517578,159.0,150.3000030517578,150.4499969482422,15954200
2020-12-21,163.02000427246094,172.0,145.11000061035156,155.30999755859375,17788100
2020-12-22,163.19000244140625,174.97000122070312,161.0500030517578,170.0,9872600
2020-12-23,158.00999450683594,168.25,155.5,162.81399536132812,5852500
2020-12-24,154.83999633789062,162.7899932861328,154.11199951171875,159.16000366210938,3621400
2020-12-28,149.0,163.63999938964844,147.52000427246094,158.60000610351562,6229200
2020-12-29,150.0,151.6510009765625,143.1199951171875,150.0,5402300
2020-12-30,148.42999267578125,152.81300354003906,145.60000610351562,151.33999633789062,3462400
2020-12-31,146.8000030517578,147.88999938964844,144.50999450683594,146.89999389648438,2795800
2021-01-04,139.14999389648438,151.0050048828125,137.0,150.99000549316406,6409900
2021-01-05,148.3000030517578,149.0,137.25,138.27999877929688,5974200
2021-01-06,142.77000427246094,148.35000610351562,141.11000061035156,145.75,4213900
2021-01-07,151.27000427246094,154.4199981689453,145.26100158691406,146.3699951171875,4482800
2021-01-08,149.77000427246094,155.5399932861328,147.25,153.4499969482422,4615600
2021-01-11,148.1300048828125,150.5,144.02000427246094,147.99000549316406,2801900
2021-01-12,160.8000030517578,163.8800048828125,143.61000061035156,148.0800018310547,8123600
2021-01-13,169.99000549316406,178.6199951171875,159.35000610351562,160.80999755859375,12529700
2021-01-14,180.5,187.4199981689453,174.97500610351562,175.5399932861328,9926500
2021-01-15,169.27000427246094,185.9949951171875,164.86000061035156,184.5800018310547,8575700
2021-01-19,173.69000244140625,178.60000610351562,166.60000610351562,173.0,4685400
2021-01-20,161.8300018310547,176.30999755859375,161.0,176.00999450683594,8517400
2021-01-21,180.39999389648438,183.47000122070312,155.3300018310547,164.99000549316406,17618400
2021-01-22,181.8699951171875,185.3070068359375,175.19000244140625,178.08999633789062,7136800
2021-01-25,177.52999877929688,192.47000122070312,170.02999877929688,186.0500030517578,7472900
2021-01-26,192.74000549316406,193.0,177.3000030517578,180.0,6460900
2021-01-27,201.25,216.0,185.5,187.63999938964844,11019800
2021-01-28,187.3699951171875,212.83999633789062,187.0500030517578,202.60000610351562,7077700
2021-01-29,183.6300048828125,193.5,179.30999755859375,190.7100067138672,4529800
2021-02-01,180.44000244140625,188.82000732421875,179.74000549316406,187.47999572753906,3877400
2021-02-02,179.1699981689453,186.47900390625,177.11000061035156,183.22000122070312,4413600
2021-02-03,185.72000122070312,190.89999389648438,180.0,181.97999572753906,4169000
2021-02-04,195.8000030517578,195.99000549316406,186.19000244140625,187.07000732421875,3631500
2021-02-05,195.30999755859375,197.25,190.25,197.0,2869700
2021-02-08,200.42999267578125,201.9600067138672,191.5,199.92999267578125,3488100
2021-02-09,199.8800048828125,209.22000122070312,196.16000366210938,199.2030029296875,4725800
2021-02-10,211.66000366210938,214.71600341796875,202.0970001220703,205.47999572753906,5257200
2021-02-11,216.83999633789062,219.94000244140625,207.0,213.5,3595200
2021-02-12,212.67999267578125,216.94000244140625,209.0,214.45799255371094,3041700
2021-02-16,209.86000061035156,218.77999877929688,209.08999633789062,216.24000549316406,3487900
2021-02-17,201.9600067138672,208.76499938964844,196.02000427246094,207.0500030517578,4090600
2021-02-18,198.0399932861328,200.36000061035156,192.1699981689453,199.00999450683594,2791400
2021-02-19,201.07000732421875,205.5500030517578,200.17999267578125,203.9499969482422,2605800
2021-02-22,195.33999633789062,205.0,193.5,200.6999969482422,3674200
2021-02-23,187.58999633789062,191.6699981689453,175.0,189.0,5902400
2021-02-24,200.1999969482422,208.14500427246094,189.0,190.97999572753906,5983500
2021-02-25,182.05999755859375,199.8000030517578,180.0,197.41000366210938,11568500
2021-02-26,206.35000610351562,214.10000610351562,185.75,194.17999267578125,19368600
2021-03-01,196.4199981689453,199.69000244140625,192.6199951171875,195.82000732421875,15798500
2021-03-02,189.89999389648438,200.0,188.5,195.6300048828125,9144900
2021-03-03,180.39999389648438,188.47999572753906,178.8000030517578,186.97000122070312,10592900
2021-03-04,180.22999572753906,183.89999389648438,170.8699951171875,178.63999938964844,9993700
2021-03-05,179.80999755859375,183.5,161.89999389648438,182.52000427246094,8788500
2021-03-08,180.80999755859375,186.39999389648438,177.02999877929688,179.99200439453125,4988500
2021-03-09,183.11000061035156,189.4600067138672,180.72000122070312,184.99000549316406,6079900
2021-03-10,183.7899932861328,191.0,181.5500030517578,184.57000732421875,6145600
2021-03-11,197.8699951171875,201.0,188.5,189.89999389648438,6031200
2021-03-12,206.74000549316406,208.6999969482422,192.1999969482422,196.27000427246094,5556500
2021-03-15,209.99000549316406,213.74000549316406,203.80999755859375,209.53799438476562,4329400
2021-03-16,200.00999450683594,215.49000549316406,198.17999267578125,209.11000061035156,4605600
2021-03-17,201.36000061035156,203.4600067138672,194.44000244140625,195.6300048828125,3781900
2021-03-18,191.4499969482422,199.89999389648438,190.67999267578125,196.8000030517578,3711500
2021-03-19,194.38999938964844,196.49000549316406,187.80999755859375,193.00999450683594,4444600
2021-03-22,195.0,203.3000030517578,194.7100067138672,196.85000610351562,3740400
2021-03-23,187.13999938964844,196.75,185.74000549316406,195.5,3460600
2021-03-24,178.85000610351562,189.77999877929688,178.50999450683594,189.0,3756100
2021-03-25,176.16000366210938,179.5399932861328,170.5,173.10000610351562,5264100
2021-03-26,174.39999389648438,181.0,168.0,178.41600036621094,3562900
2021-03-29,182.5,185.4600067138672,173.5,175.36000061035156,4508800
2021-03-30,183.10000610351562,185.22999572753906,178.3800048828125,182.35000610351562,2903300
2021-03-31,187.94000244140625,192.27499389648438,185.1300048828125,185.42999267578125,3079500
2021-04-01,188.24000549316406,193.99000549316406,185.3699951171875,192.5,2921400
2021-04-05,186.69000244140625,192.10000610351562,185.80999755859375,191.66000366210938,2591400
2021-04-06,190.02999877929688,194.47999572753906,187.52000427246094,188.6999969482422,3565600
2021-04-07,179.94000244140625,190.6199951171875,179.47000122070312,189.3800048828125,6663500
2021-04-08,180.17999267578125,183.89999389648438,179.3000030517578,181.6479949951172,2625300
2021-04-09,179.5,182.4600067138672,177.25,179.6199951171875,2910200
2021-04-12,176.49000549316406,181.49000549316406,176.25,179.67999267578125,2619800
2021-04-13,177.9499969482422,178.61000061035156,172.13999938964844,175.26499938964844,3573600
2021-04-14,176.42999267578125,181.4669952392578,175.30999755859375,179.5,2938600
2021-04-15,175.35000610351562,178.24000549316406,174.25,177.0,2894900
2021-04-16,178.69000244140625,179.50999450683594,172.94000244140625,176.01199340820312,3058300
2021-04-19,174.5800018310547,178.72000122070312,171.5,177.32000732421875,3125700
2021-04-20,169.57000732421875,175.0,165.52000427246094,173.1840057373047,4575000
2021-04-21,167.07000732421875,170.32000732421875,164.1199951171875,168.08999633789062,3878600
2021-04-22,170.7100067138672,176.9199981689453,168.42999267578125,168.49000549316406,3856500
2021-04-23,174.25,178.25,172.0,172.91900634765625,3329900
2021-04-26,174.8800048828125,176.031005859375,171.07000732421875,175.2100067138672,2549400
2021-04-27,177.94000244140625,179.61000061035156,174.8000030517578,176.1649932861328,2883000
2021-04-28,180.0,181.6699981689453,173.3509979248047,174.43699645996094,2409700
2021-04-29,177.67999267578125,183.22000122070312,173.35000610351562,182.75,3116000
2021-04-30,172.7100067138672,176.4499969482422,172.00999450683594,173.00399780273438,3580000
2021-05-03,168.11000061035156,173.44000244140625,167.8000030517578,173.19000244140625,3149700
2021-05-04,168.89999389648438,169.0399932861328,161.9600067138672,167.01499938964844,4658000
2021-05-05,162.3300018310547,170.17999267578125,162.1199951171875,169.3000030517578,3590100
2021-05-06,153.63999938964844,162.10499572753906,150.6999969482422,161.91000366210938,8529000
2021-05-07,151.2100067138672,157.0540008544922,148.77999877929688,156.5,7134000
2021-05-10,146.72999572753906,150.5,144.52000427246094,150.28399658203125,5827200
2021-05-11,142.72999572753906,144.35000610351562,136.00999450683594,139.10000610351562,8257400
2021-05-12,140.25,144.77000427246094,138.75,140.89999389648438,5307500
2021-05-13,135.75,142.32899475097656,131.27999877929688,142.25,13005400
2021-05-14,141.1999969482422,142.25,131.6699981689453,137.67999267578125,20325400
2021-05-17,132.5,137.7899932861328,130.2530059814453,137.156005859375,39755000
2021-05-18,135.02000427246094,138.39999389648438,131.49000549316406,134.0,18555600
2021-05-19,138.19000244140625,138.3800048828125,129.7100067138672,129.9499969482422,15565500
2021-05-20,136.1999969482422,138.88999938964844,135.64999389648438,138.83900451660156,8903600
2021-05-21,134.7100067138672,137.1699981689453,132.8800048828125,136.5500030517578,10056500
2021-05-24,135.91000366210938,137.97999572753906,134.38999938964844,135.5,8543600
2021-05-25,133.99000549316406,137.85000610351562,133.55999755859375,137.39999389648438,10435800
2021-05-26,134.75,135.75999450683594,133.7209930419922,134.94000244140625,8179200
2021-05-27,143.1699981689453,143.82000732421875,134.5,135.07000732421875,21270200
2021-05-28,140.39999389648438,145.0,140.25,144.75999450683594,12000600
2021-06-01,144.30999755859375,146.08900451660156,141.58999633789062,143.88999938964844,16552100
2021-06-02,151.0,152.6999969482422,144.39999389648438,145.35000610351562,16245100
2021-06-03,144.19000244140625,151.1199951171875,143.8000030517578,149.5500030517578,11083300
2021-06-04,150.72999572753906,151.57000732421875,145.0,145.8300018310547,8534900
2021-06-07,148.97000122070312,150.9600067138672,146.39999389648438,150.9600067138672,7780200
2021-06-08,147.00999450683594,150.75,145.8000030517578,150.60000610351562,7125800
2021-06-09,144.85000610351562,149.36000061035156,144.4600067138672,148.57000732421875,5606500
2021-06-10,146.1199951171875,147.4499969482422,141.0399932861328,142.14999389648438,9482500
2021-06-11,148.44000244140625,148.9499969482422,145.1999969482422,145.8699951171875,4819900
2021-06-14,149.2100067138672,149.60000610351562,146.85000610351562,149.25,6107500
2021-06-15,151.77999877929688,153.74000549316406,148.83999633789062,149.1999969482422,12007700
2021-06-16,149.14999389648438,152.35000610351562,146.9199981689453,150.9499969482422,9632800
2021-06-17,150.6999969482422,152.2899932861328,148.61199951171875,148.99000549316406,8171300
2021-06-18,152.52000427246094,154.8000030517578,149.39999389648438,150.3800048828125,11628900
2021-06-21,149.6999969482422,152.61000061035156,145.8300018310547,152.52000427246094,8040200
2021-06-22,149.67999267578125,151.64700317382812,148.39999389648438,149.75,5790400
2021-06-23,151.5800018310547,154.58999633789062,147.8000030517578,149.75999450683594,9335700
2021-06-24,150.72999572753906,153.6269989013672,149.86000061035156,152.6699981689453,8173400
2021-06-25,149.6699981689453,153.1699981689453,149.27999877929688,151.22999572753906,6452400
2021-06-28,149.94000244140625,150.92999267578125,147.0800018310547,148.61500549316406,6451000
2021-06-29,146.0800018310547,149.94000244140625,145.77000427246094,149.75,7479000
2021-06-30,153.13999938964844,154.08999633789062,144.2449951171875,145.5449981689453,9798600
2021-07-01,153.0800018310547,157.41000366210938,151.41000366210938,154.5,9787100
2021-07-02,150.22999572753906,154.9499969482422,149.55999755859375,153.30999755859375,4826500
2021-07-06,148.3699951171875,152.8000030517578,147.80999755859375,150.0800018310547,5069400
2021-07-07,143.72000122070312,148.94000244140625,143.60000610351562,148.14999389648438,5650900
2021-07-08,142.52999877929688,143.72999572753906,139.52999877929688,140.42999267578125,4827200
2021-07-09,149.63999938964844,150.25999450683594,143.3000030517578,143.3000030517578,7065100
2021-07-12,146.69000244140625,150.4199981689453,146.00999450683594,148.99000549316406,3276300
2021-07-13,143.41000366210938,147.69500732421875,143.0,147.69500732421875,5871500
2021-07-14,139.08999633789062,144.1999969482422,139.0399932861328,143.86000061035156,8545500
2021-07-15,137.5,140.52000427246094,136.5399932861328,139.17999267578125,6576100
2021-07-16,134.30999755859375,139.7899932861328,133.50999450683594,139.69000244140625,6094600
2021-07-19,131.8800048828125,133.77000427246094,130.30999755859375,131.36000061035156,7215700
2021-07-20,136.08999633789062,137.43499755859375,131.6999969482422,132.75,6274600
2021-07-21,139.25,140.14999389648438,135.72500610351562,136.7100067138672,5269600
2021-07-22,139.47000122070312,141.2899932861328,137.66000366210938,141.2899932861328,4628400
2021-07-23,138.72999572753906,140.0,137.41000366210938,139.8000030517578,2811100
2021-07-26,142.0,142.19000244140625,137.1999969482422,139.1300048828125,6489500
2021-07-27,141.5800018310547,142.52000427246094,138.30999755859375,141.2550048828125,5113100
2021-07-28,143.3000030517578,143.72999572753906,141.02999877929688,141.30999755859375,4466800
2021-07-29,143.47000122070312,145.0,141.7100067138672,143.64599609375,5005500
2021-07-30,144.00999450683594,144.69000244140625,141.74000549316406,141.75,4167100
2021-08-02,145.49000549316406,146.27000427246094,143.39999389648438,143.85000610351562,4522400
2021-08-03,145.64999389648438,147.7899932861328,143.27999877929688,147.72799682617188,5491000
2021-08-04,147.39999389648438,147.4600067138672,145.00999450683594,145.10000610351562,4631400
2021-08-05,150.32000732421875,150.41000366210938,146.3990020751953,146.6699981689453,4737500
2021-08-06,149.99000549316406,150.19000244140625,147.5500030517578,148.99000549316406,4043500
2021-08-09,149.44000244140625,151.0,148.6999969482422,148.74000549316406,5541900
2021-08-10,147.9499969482422,150.75999450683594,147.85000610351562,149.36500549316406,5149800
2021-08-11,148.16000366210938,149.27999877929688,145.1580047607422,147.5399932861328,6717700
2021-08-12,151.14999389648438,151.67999267578125,146.5500030517578,148.86000061035156,8794100
2021-08-13,152.75999450683594,152.75999450683594,144.50999450683594,146.66000366210938,16789100
2021-08-16,148.57000732421875,152.02999877929688,144.89999389648438,151.99000549316406,7715200
2021-08-17,143.89999389648438,148.1999969482422,143.5800018310547,145.0,7855100
2021-08-18,146.74000549316406,148.67999267578125,141.6999969482422,144.02000427246094,5190100
2021-08-19,142.64999389648438,145.27999877929688,141.9199981689453,143.79100036621094,4732400
2021-08-20,143.6999969482422,143.94900512695312,141.5,142.0,2996200
2021-08-23,146.7899932861328,147.6300048828125,144.14999389648438,144.89999389648438,4727400
2021-08-24,161.4199981689453,161.97999572753906,146.5,147.0,22096800
2021-08-25,160.35000610351562,163.0590057373047,158.0,158.76400756835938,7267700
2021-08-26,152.72999572753906,159.5,151.4499969482422,159.33999633789062,7243000
2021-08-27,154.17999267578125,156.44000244140625,151.4499969482422,152.25100708007812,4818800
2021-08-30,156.02000427246094,157.49000549316406,151.9199981689453,154.41000366210938,3968700
2021-08-31,154.99000549316406,158.14999389648438,153.5800018310547,155.94000244140625,7404000
2021-09-01,156.58999633789062,158.63999938964844,154.2899932861328,154.83999633789062,4324700
2021-09-02,157.1999969482422,159.4600067138672,156.5,156.5,3301000
2021-09-03,158.0,160.63999938964844,157.1999969482422,158.0500030517578,4456400
2021-09-07,165.0,165.73500061035156,159.5500030517578,159.72000122070312,11008800
2021-09-08,163.92999267578125,166.5500030517578,161.60000610351562,163.22999572753906,5866500
2021-09-09,166.0,166.97000122070312,160.8300018310547,163.0,5935800
2021-09-10,165.1999969482422,168.23599243164062,165.00999450683594,166.9499969482422,3985300
2021-09-13,160.32000732421875,162.99000549316406,154.7899932861328,160.25,7520900
2021-09-14,163.3000030517578,164.6999969482422,159.41000366210938,160.66000366210938,4655500
2021-09-15,166.3699951171875,166.6300048828125,160.49000549316406,162.32000732421875,5656000
2021-09-16,168.14999389648438,169.4499969482422,165.0399932861328,165.25999450683594,6094800
2021-09-17,166.58999633789062,170.0,163.61000061035156,169.3000030517578,20024700
2021-09-20,161.63999938964844,166.5399932861328,159.44500732421875,162.24000549316406,6846800
2021-09-21,169.2899932861328,170.00999450683594,162.9600067138672,164.0,8592500
2021-09-22,169.9600067138672,171.80999755859375,167.37100219726562,170.0290069580078,4353600
2021-09-23,175.1300048828125,176.0,170.5,171.5500030517578,5370800
2021-09-24,175.8800048828125,176.9600067138672,173.61000061035156,174.52999877929688,4084900
2021-09-27,174.25999450683594,176.31900024414062,172.02000427246094,175.0,3551400
2021-09-28,168.5800018310547,173.55999755859375,166.89999389648438,172.51600646972656,4362800
2021-09-29,168.07000732421875,171.2209930419922,166.5500030517578,170.10000610351562,2788700
2021-09-30,167.75,169.5,165.7100067138672,168.10000610351562,2662500
2021-10-01,173.00999450683594,173.1999969482422,168.5500030517578,170.30999755859375,4963000
2021-10-04,164.5,172.25999450683594,164.02999877929688,171.99000549316406,4459400
2021-10-05,164.74000549316406,166.58999633789062,162.42999267578125,165.6699981689453,4340100
2021-10-06,167.25,167.32000732421875,160.6300048828125,161.38999938964844,2461500
2021-10-07,169.60000610351562,171.27000427246094,168.60000610351562,170.0,2119600
2021-10-08,169.97000122070312,174.10000610351562,169.47999572753906,170.10000610351562,2265100
2021-10-11,166.6699981689453,171.5399932861328,166.6300048828125,170.0,2046300
2021-10-12,172.75,175.89999389648438,171.22999572753906,172.69400024414062,6028100
2021-10-13,173.5800018310547,175.19000244140625,171.8000030517578,173.0,3521900
2021-10-14,170.5,176.75,170.0399932861328,175.24000549316406,4139400
2021-10-15,169.17999267578125,172.9499969482422,168.5800018310547,171.89999389648438,3592700
2021-10-18,172.32000732421875,172.6999969482422,167.11000061035156,167.5,2793700
2021-10-19,170.74000549316406,172.80999755859375,170.05999755859375,172.57000732421875,2776600
2021-10-20,169.75999450683594,171.94000244140625,168.1999969482422,170.05999755859375,2687000
2021-10-21,170.5,171.52999877929688,167.6999969482422,169.07400512695312,2889400
2021-10-22,166.63999938964844,169.44000244140625,165.16000366210938,169.3000030517578,2986000
2021-10-25,169.24000549316406,170.32899475097656,166.64999389648438,166.69000244140625,2620800
2021-10-26,171.13999938964844,172.0,167.89999389648438,170.39999389648438,2937900
2021-10-27,169.10000610351562,172.64999389648438,168.8800048828125,170.74000549316406,3009800
2021-10-28,171.6999969482422,171.85000610351562,168.7100067138672,170.1999969482422,2143700
2021-10-29,170.66000366210938,171.38999938964844,168.8489990234375,171.38999938964844,2294400
2021-11-01,174.60000610351562,175.44000244140625,170.5,170.5,4401100
2021-11-02,172.8699951171875,175.3000030517578,170.5800018310547,174.9499969482422,3292100
2021-11-03,172.8699951171875,173.75,170.92999267578125,171.88999938964844,2827100
2021-11-04,178.4499969482422,179.43499755859375,173.9600067138672,175.9499969482422,9664600
2021-11-05,201.6199951171875,203.2949981689453,185.94400024414062,186.14999389648438,27330500
2021-11-08,200.32000732421875,211.33599853515625,199.75,203.35000610351562,12855300
2021-11-09,194.67999267578125,201.5,187.5,201.44000244140625,9056100
2021-11-10,192.22000122070312,195.0,189.27999877929688,190.22999572753906,6704100
2021-11-11,191.61000061035156,197.92999267578125,190.77000427246094,195.1999969482422,5899000
2021-11-12,206.5399932861328,208.16000366210938,192.05999755859375,192.46499633789062,12057800
2021-11-15,207.2100067138672,209.24000549316406,204.16000366210938,206.1999969482422,7479300
2021-11-16,207.0399932861328,209.92999267578125,203.47000122070312,205.58999633789062,4431300
2021-11-17,199.11000061035156,212.58399963378906,198.39999389648438,207.0,6383400
2021-11-18,204.3300018310547,205.0,196.0,199.33999633789062,4597700
2021-11-19,196.4199981689453,199.36000061035156,190.5,196.60000610351562,8181900
2021-11-22,181.72999572753906,190.75999450683594,176.72000122070312,190.44000244140625,12619800
2021-11-23,178.27000427246094,183.72999572753906,175.25,181.14300537109375,6451900
2021-11-24,179.88999938964844,182.77999877929688,175.0,175.6300048828125,4763300
2021-11-26,173.86000061035156,174.63999938964844,167.0399932861328,167.75999450683594,6044100
2021-11-29,180.0800018310547,180.6999969482422,175.89999389648438,176.8800048828125,5317400
2021-11-30,172.5399932861328,180.63999938964844,170.92100524902344,176.40499877929688,10682700
2021-12-01,163.0800018310547,180.1300048828125,162.02999877929688,174.00999450683594,7645700
2021-12-02,169.60000610351562,170.2949981689453,160.49000549316406,161.36000061035156,5687600
2021-12-03,166.75,170.72999572753906,162.13999938964844,168.97999572753906,6460900
2021-12-06,180.85000610351562,181.92999267578125,162.85000610351562,167.27499389648438,9813800
2021-12-07,183.13999938964844,187.5,182.02000427246094,185.61000061035156,6264600
2021-12-08,186.49000549316406,187.5,182.13999938964844,186.0,4218700
2021-12-09,181.4600067138672,185.302001953125,179.27999877929688,182.08999633789062,3518000
2021-12-10,180.4199981689453,181.10000610351562,175.85400390625,178.14999389648438,3980400
2021-12-13,171.0399932861328,180.0,168.88999938964844,178.25,7263700
2021-12-14,167.9600067138672,169.91000366210938,164.5,168.29800415039062,5660400
2021-12-15,168.13999938964844,168.9600067138672,160.17999267578125,167.63999938964844,6678500
2021-12-16,156.3800048828125,167.72999572753906,153.60000610351562,166.25,9415100
2021-12-17,157.91000366210938,158.30999755859375,149.44000244140625,154.6199951171875,24062400
2021-12-20,157.22999572753906,158.47999572753906,151.0,151.16000366210938,4639300
2021-12-21,165.66000366210938,167.27499389648438,158.3699951171875,159.5,6293500
2021-12-22,169.2899932861328,170.67999267578125,162.8000030517578,165.67999267578125,4802500
2021-12-23,171.30999755859375,171.99000549316406,166.88999938964844,170.5,4017400
2021-12-27,171.67999267578125,172.42999267578125,168.77999877929688,169.80599975585938,2725200
2021-12-28,169.7100067138672,172.72999572753906,167.72999572753906,171.32000732421875,2292600
2021-12-29,167.44000244140625,170.47999572753906,165.02000427246094,169.52000427246094,1995400
2021-12-30,168.77999877929688,170.85000610351562,165.7100067138672,167.05999755859375,2181100
2021-12-31,166.49000549316406,170.8699951171875,166.0800018310547,168.77999877929688,2596000
2022-01-03,172.67999267578125,172.83999633789062,165.22000122070312,165.2969970703125,4224900
2022-01-04,170.8000030517578,175.89999389648438,167.1999969482422,174.1540069580078,4080000
2022-01-05,162.25,175.10699462890625,162.24000549316406,169.88299560546875,4804600
2022-01-06,159.75,163.72999572753906,156.33999633789062,160.2899932861328,5049600
2022-01-07,166.0500030517578,166.8800048828125,158.4550018310547,159.17999267578125,5624600
2022-01-10,160.7100067138672,161.6999969482422,152.10000610351562,159.75999450683594,6973600
2022-01-11,168.61000061035156,169.38999938964844,159.0780029296875,160.7100067138672,5331600
2022-01-12,169.5399932861328,171.0399932861328,165.11000061035156,170.24000549316406,3534300
2022-01-13,166.0,171.99000549316406,165.76499938964844,170.23300170898438,4893800
2022-01-14,163.99000549316406,167.6300048828125,160.24000549316406,165.75,4144000
2022-01-18,154.69000244140625,160.7899932861328,153.8699951171875,156.91000366210938,5775400
2022-01-19,154.5800018310547,160.22999572753906,154.44000244140625,157.0,5127400
2022-01-20,158.0,165.1999969482422,157.35000610351562,157.80799865722656,4941900
2022-01-21,156.72999572753906,160.1999969482422,152.41000366210938,156.81500244140625,7242300
2022-01-24,147.89999389648438,151.16000366210938,135.75999450683594,150.0,14606600
2022-01-25,144.55999755859375,147.3800048828125,140.1300048828125,143.89999389648438,5704900
2022-01-26,142.13999938964844,152.39999389648438,140.04100036621094,149.28500366210938,6990300
2022-01-27,138.41000366210938,145.54800415039062,137.9199981689453,143.47999572753906,4493800
2022-01-28,142.77000427246094,143.11000061035156,134.37399291992188,138.5449981689453,5604400
2022-01-31,153.97000122070312,153.97000122070312,143.80999755859375,144.80299377441406,5463000
2022-02-01,156.94000244140625,157.38999938964844,152.5,155.35000610351562,3799300
2022-02-02,151.75999450683594,156.50999450683594,150.71200561523438,156.31300354003906,3678300
2022-02-03,149.57000732421875,152.17999267578125,146.67999267578125,147.97000122070312,4577100
2022-02-04,155.55999755859375,157.24000549316406,150.0,150.13999938964844,4687700
2022-02-07,157.91000366210938,160.8800048828125,155.9499969482422,156.7899932861328,4690700
2022-02-08,162.25999450683594,163.07899475097656,153.44000244140625,154.0,4309100
2022-02-09,169.52999877929688,170.07000732421875,165.0800018310547,165.3699951171875,4868300
2022-02-10,171.9499969482422,177.05999755859375,165.2449951171875,165.2449951171875,8261400
2022-02-11,166.52999877929688,176.74000549316406,164.8300018310547,175.3090057373047,6464400
2022-02-14,169.66000366210938,171.8000030517578,165.02999877929688,166.6300048828125,4847600
2022-02-15,180.07000732421875,180.6320037841797,172.75,172.9199981689453,11733900
2022-02-16,186.63999938964844,191.72999572753906,178.0,178.2949981689453,22252900
2022-02-17,183.60000610351562,188.97999572753906,181.5399932861328,184.89999389648438,7779200
2022-02-18,174.89999389648438,182.66000366210938,173.6199951171875,180.25999450683594,8848800
2022-02-22,165.24000549316406,176.3800048828125,161.32000732421875,172.1300048828125,8392600
2022-02-23,150.0399932861328,166.65499877929688,149.85000610351562,165.92999267578125,9778500
2022-02-24,158.25999450683594,158.9600067138672,141.17999267578125,141.3000030517578,10354600
2022-02-25,155.08999633789062,159.4499969482422,152.91000366210938,159.25999450683594,6173200
2022-02-28,151.49000549316406,155.0959930419922,148.3000030517578,155.02499389648438,11078500
2022-03-01,151.00999450683594,154.22000122070312,149.9499969482422,150.52999877929688,5165800
2022-03-02,157.52999877929688,158.0800018310547,151.88999938964844,152.47999572753906,5028300
2022-03-03,151.69000244140625,159.22000122070312,150.99000549316406,158.3300018310547,4045800
2022-03-04,142.6999969482422,151.88999938964844,140.4600067138672,150.77000427246094,8390800
2022-03-07,131.58999633789062,145.27000427246094,131.52000427246094,145.0,9177300
2022-03-08,142.1300048828125,144.47000122070312,131.5,131.6300048828125,9587000
2022-03-09,148.30999755859375,150.99000549316406,145.3300018310547,145.42999267578125,7023900
2022-03-10,151.8000030517578,152.88999938964844,144.40899658203125,145.22000122070312,5302500
2022-03-11,145.13999938964844,155.0,145.0,154.1300048828125,4577300
2022-03-14,138.5,144.6699981689453,136.0399932861328,143.41000366210938,6330200
2022-03-15,143.9499969482422,144.72999572753906,138.32000732421875,140.0,5488700
2022-03-16,155.75,156.97999572753906,146.30999755859375,148.14500427246094,7105400
2022-03-17,157.5500030517578,157.60000610351562,151.0500030517578,153.7899932861328,5031700
2022-03-18,167.0,167.17999267578125,155.6999969482422,156.07000732421875,8467500
2022-03-21,161.8000030517578,165.9499969482422,159.0,164.57000732421875,4584400
2022-03-22,166.44000244140625,168.1750030517578,162.0,163.61000061035156,4099900
2022-03-23,164.16000366210938,166.88999938964844,162.8800048828125,163.63999938964844,2814300
2022-03-24,170.8300018310547,171.0,162.66799926757812,164.80999755859375,4223500
2022-03-25,167.22000122070312,170.61000061035156,164.13400268554688,169.94000244140625,2952300
2022-03-28,167.64999389648438,168.718994140625,162.42999267578125,167.22000122070312,3829800
2022-03-29,175.52000427246094,178.8800048828125,171.80999755859375,172.11000061035156,5452800
2022-03-30,173.6300048828125,176.82000732421875,172.02000427246094,173.13099670410156,3707400
2022-03-31,171.75999450683594,176.14999389648438,171.16400146484375,173.5399932861328,3232200
2022-04-01,173.07000732421875,177.94000244140625,172.22999572753906,173.05999755859375,3644900
2022-04-04,177.02000427246094,177.02000427246094,172.5850067138672,175.02000427246094,3495700
2022-04-05,171.2100067138672,179.08999633789062,170.1199951171875,177.19000244140625,4065000
2022-04-06,164.66000366210938,168.77000427246094,161.5800018310547,167.0500030517578,4287700
2022-04-07,165.91000366210938,167.86000061035156,161.7100067138672,163.19000244140625,4146600
2022-04-08,162.55999755859375,164.89999389648438,159.35000610351562,162.52000427246094,3448400
2022-04-11,160.25,163.57000732421875,157.41000366210938,159.83999633789062,3877200
2022-04-12,160.11000061035156,166.11000061035156,157.27999877929688,163.6999969482422,4113000
2022-04-13,171.85000610351562,172.9600067138672,160.64999389648438,160.83999633789062,7211900
2022-04-14,170.6999969482422,174.63999938964844,170.2949981689453,171.66000366210938,5125100
2022-04-18,165.74000549316406,170.1199951171875,164.35000610351562,169.27000427246094,3339900
2022-04-19,170.1199951171875,170.82000732421875,165.7100067138672,165.74000549316406,2857100
2022-04-20,164.5500030517578,172.61000061035156,164.30999755859375,172.61000061035156,3997900
2022-04-21,157.91000366210938,170.92999267578125,156.67999267578125,168.97999572753906,4714600
2022-04-22,156.08999633789062,161.6699981689453,154.77999877929688,157.83999633789062,3863400
2022-04-25,158.38999938964844,159.7899932861328,152.10000610351562,154.3300018310547,3868100
2022-04-26,153.0399932861328,159.1999969482422,152.8000030517578,158.39999389648438,4075000
2022-04-27,152.22999572753906,157.3000030517578,150.44000244140625,153.82000732421875,4826000
2022-04-28,159.74000549316406,161.2550048828125,153.66000366210938,154.00999450683594,4854500
2022-04-29,153.2100067138672,163.24000549316406,153.0,158.8800048828125,4033100
2022-05-02,152.77999877929688,155.1300048828125,147.21099853515625,153.2100067138672,5945300
2022-05-03,145.0,154.49000549316406,141.5800018310547,154.08999633789062,16774700
2022-05-04,156.17999267578125,158.74000549316406,145.8719940185547,152.5500030517578,20598100
2022-05-05,143.08999633789062,153.8800048828125,140.85800170898438,152.19000244140625,11367200
2022-05-06,135.83999633789062,143.11000061035156,133.0399932861328,142.6999969482422,9573100
2022-05-09,119.37000274658203,131.88499450683594,118.83000183105469,131.75999450683594,14430900
2022-05-10,116.12999725341797,123.45999908447266,113.52999877929688,122.94999694824219,13638500
2022-05-11,116.1500015258789,123.7699966430664,112.36699676513672,114.52999877929688,13661400
2022-05-12,115.94000244140625,120.48999786376953,111.22000122070312,113.66000366210938,9264300
2022-05-13,121.44999694824219,123.29000091552734,118.81999969482422,119.95999908447266,8595400
2022-05-16,114.44000244140625,121.06999969482422,113.25,121.0,7588400
2022-05-17,117.5,120.18000030517578,114.51000213623047,119.97000122070312,6962900
2022-05-18,108.02999877929688,117.04000091552734,107.62000274658203,116.11000061035156,9718700
2022-05-19,114.16999816894531,116.3499984741211,107.44999694824219,108.18000030517578,8926600
2022-05-20,112.55000305175781,116.25,108.5,115.45999908447266,6961900
2022-05-23,113.27999877929688,115.1500015258789,110.93000030517578,113.54499816894531,6000800
2022-05-24,106.23999786376953,111.41999816894531,103.74099731445312,111.27999877929688,6415800
2022-05-25,110.4000015258789,111.94000244140625,104.97000122070312,105.88999938964844,6203300
2022-05-26,114.30000305175781,115.55000305175781,108.11000061035156,109.73999786376953,6883200
2022-05-27,120.5,120.69999694824219,115.7699966430664,116.0,7391500
2022-05-31,120.87000274658203,122.29900360107422,117.16000366210938,120.5,9117600
2022-06-01,116.72000122070312,121.0739974975586,114.3949966430664,121.05000305175781,6879600
2022-06-02,121.26000213623047,123.0,116.2699966430664,117.12999725341797,5166200
2022-06-03,119.83000183105469,121.5,117.55999755859375,118.07099914550781,4584600
2022-06-06,122.0199966430664,124.18000030517578,119.91999816894531,123.33000183105469,4160200
2022-06-07,122.9000015258789,123.91200256347656,119.12000274658203,119.76000213623047,3331200
2022-06-08,123.7699966430664,125.51000213623047,121.2300033569336,121.43000030517578,3775600
2022-06-09,115.72000122070312,122.9800033569336,115.41999816894531,122.30999755859375,5315900
2022-06-10,108.91000366210938,115.12999725341797,108.31999969482422,111.80000305175781,6936900
2022-06-13,98.93000030517578,105.33000183105469,98.36000061035156,102.8499984741211,9587300
2022-06-14,98.87000274658203,101.3499984741211,97.20099639892578,99.54000091552734,5915300
2022-06-15,101.47000122070312,103.6500015258789,98.91999816894531,100.0199966430664,6260400
2022-06-16,93.26000213623047,97.5,92.08999633789062,96.19000244140625,9435700
2022-06-17,99.48999786376953,100.61000061035156,93.52999877929688,93.52999877929688,11293100
2022-06-21,102.2699966430664,104.88899993896484,101.62000274658203,102.69000244140625,6532700
2022-06-22,99.52999877929688,102.5,98.72000122070312,99.0,8986000
2022-06-23,95.72000122070312,100.80000305175781,93.0199966430664,100.0,12340800
2022-06-24,103.51000213623047,104.18000030517578,96.33000183105469,97.5199966430664,28797400
2022-06-27,101.5,104.16999816894531,99.33000183105469,103.95999908447266,7352100
2022-06-28,97.52999877929688,105.44999694824219,97.08999633789062,103.33999633789062,7744100
2022-06-29,93.93000030517578,97.0,92.05000305175781,96.83000183105469,6522600
2022-06-30,89.08000183105469,92.91000366210938,86.70999908447266,92.48999786376953,9007800
2022-07-01,91.41000366210938,91.45999908447266,87.43000030517578,89.08999633789062,5995400
2022-07-05,95.94000244140625,96.01000213623047,86.75,88.87999725341797,7648500
2022-07-06,92.87999725341797,96.16999816894531,91.80000305175781,95.29000091552734,5703000
2022-07-07,97.5,97.55000305175781,92.16000366210938,93.66000366210938,7480500
2022-07-08,97.3499984741211,98.12000274658203,93.24199676513672,96.2300033569336,5669500
2022-07-11,95.0999984741211,97.08999633789062,93.2699966430664,96.0,6041400
2022-07-12,96.55000305175781,97.68599700927734,93.31999969482422,95.30000305175781,4170200
2022-07-13,95.63999938964844,96.58899688720703,91.61000061035156,93.75,6967800
2022-07-14,91.05000305175781,94.58000183105469,90.16999816894531,94.27999877929688,8334600
2022-07-15,94.66000366210938,95.6500015258789,90.66000366210938,92.55000305175781,7497200
2022-07-18,97.66999816894531,101.87999725341797,95.9800033569336,96.77999877929688,7171500
2022-07-19,102.19999694824219,102.70999908447266,98.76000213623047,99.69999694824219,5603800
2022-07-20,107.7300033569336,108.91999816894531,102.75,103.11000061035156,6834100
2022-07-21,108.13999938964844,108.5,104.41000366210938,106.9800033569336,4284900
2022-07-22,103.97000122070312,110.0999984741211,102.93000030517578,108.30999755859375,4243900
2022-07-25,104.94999694824219,105.26000213623047,101.47899627685547,103.77999877929688,3142900
2022-07-26,101.91000366210938,103.62999725341797,101.0999984741211,102.37999725341797,4191000
2022-07-27,107.36000061035156,107.98500061035156,104.05999755859375,105.79000091552734,5362700
2022-07-28,108.83999633789062,110.05999755859375,104.68000030517578,108.16999816894531,4471900
2022-07-29,110.9800033569336,111.16000366210938,107.11000061035156,108.19499969482422,4637800
2022-08-01,111.19999694824219,113.95999908447266,107.4800033569336,110.0,6019500
2022-08-02,116.33999633789062,117.77999877929688,111.0999984741211,111.66999816894531,15208200
2022-08-03,115.0199966430664,115.56999969482422,107.6500015258789,108.2249984741211,23354900
2022-08-04,119.22000122070312,119.23999786376953,114.25499725341797,114.30999755859375,9180300
2022-08-05,117.11000061035156,118.87000274658203,114.81999969482422,115.5199966430664,6495000
2022-08-08,115.81999969482422,119.63999938964844,115.43000030517578,118.15499877929688,5382900
2022-08-09,114.44000244140625,115.66999816894531,112.80000305175781,115.0,4201200
2022-08-10,118.7300033569336,120.33999633789062,116.30000305175781,119.33000183105469,5529000
2022-08-11,121.5,127.08999633789062,120.95999908447266,121.30000305175781,8110100
2022-08-12,124.51000213623047,125.0,121.12000274658203,122.80000305175781,5012500
2022-08-15,126.04000091552734,126.43499755859375,123.19999694824219,123.55000305175781,4884700
2022-08-16,124.18000030517578,125.41999816894531,122.62000274658203,124.2300033569336,4370700
2022-08-17,121.87000274658203,123.2699966430664,120.63999938964844,121.62999725341797,4336200
2022-08-18,121.2699966430664,122.19999694824219,120.27999877929688,121.5,3373900
2022-08-19,114.76000213623047,119.22000122070312,114.0999984741211,118.18499755859375,5288800
2022-08-22,111.38999938964844,114.22799682617188,109.97000122070312,110.36000061035156,6057400
2022-08-23,111.5999984741211,114.0199966430664,111.41000366210938,112.41000366210938,5447200
2022-08-24,114.51000213623047,115.56999969482422,110.83999633789062,110.93000030517578,3634000
2022-08-25,117.02999877929688,117.94999694824219,115.41999816894531,115.88999938964844,4021600
2022-08-26,112.81999969482422,118.2699966430664,112.77999877929688,117.05999755859375,3778700
2022-08-29,113.54000091552734,115.80000305175781,111.52999877929688,111.7699966430664,4620600
2022-08-30,112.55999755859375,116.0199966430664,110.44000244140625,114.5,4507200
2022-08-31,113.12000274658203,115.58000183105469,112.4000015258789,113.48999786376953,6191600
2022-09-01,113.4000015258789,114.08000183105469,108.16999816894531,111.0999984741211,5661500
2022-09-02,113.63999938964844,116.45999908447266,112.33000183105469,114.31999969482422,4121700
2022-09-06,113.69999694824219,114.5199966430664,110.5,114.08999633789062,4067100
2022-09-07,116.06999969482422,116.44000244140625,112.70999908447266,112.8499984741211,4619300
2022-09-08,118.58000183105469,119.34700012207031,114.0,114.0,4064000
2022-09-09,123.4800033569336,123.70999908447266,119.9000015258789,120.01799774169922,5413300
2022-09-12,124.79000091552734,127.23999786376953,123.78500366210938,124.25,6993300
2022-09-13,121.54000091552734,123.86000061035156,119.05000305175781,119.69999694824219,7126500
2022-09-14,126.80000305175781,127.0,119.51000213623047,121.62999725341797,5690100
2022-09-15,125.04000091552734,129.3800048828125,124.27999877929688,125.29000091552734,6606100
2022-09-16,118.75,122.26000213623047,117.58999633789062,121.11000061035156,13704400
2022-09-19,118.77999877929688,119.77999877929688,116.47000122070312,116.87000274658203,4715400
2022-09-20,116.70999908447266,121.66000366210938,116.62000274658203,117.93000030517578,5610900
2022-09-21,114.01000213623047,119.33000183105469,112.36000061035156,116.37000274658203,6898700
2022-09-22,103.72000122070312,113.72000122070312,103.26000213623047,112.66999816894531,8399400
2022-09-23,101.75,103.18000030517578,99.70999908447266,102.19999694824219,6245600
2022-09-26,103.2300033569336,105.36000061035156,101.55999755859375,101.77999877929688,5278800
2022-09-27,106.37000274658203,108.16999816894531,104.13999938964844,106.04000091552734,5081000
2022-09-28,110.69000244140625,111.12999725341797,105.77999877929688,106.70099639892578,4518200
2022-09-29,106.66000366210938,109.4749984741211,105.16999816894531,109.19000244140625,4259500
2022-09-30,105.04000091552734,109.08000183105469,104.7300033569336,104.76000213623047,4750600
2022-10-03,105.0,106.3499984741211,102.18000030517578,105.48999786376953,6208900
2022-10-04,110.80999755859375,111.61000061035156,108.68000030517578,109.13999938964844,4835000
2022-10-05,111.76000213623047,112.33999633789062,107.83999633789062,110.5199966430664,4008700
2022-10-06,111.58000183105469,114.41000366210938,110.19999694824219,112.0,3446500
2022-10-07,108.54000091552734,109.53199768066406,107.0999984741211,108.87000274658203,3352700
2022-10-10,110.98999786376953,111.62000274658203,107.41000366210938,108.55000305175781,3945200
2022-10-11,106.81999969482422,111.0,103.59500122070312,110.98799896240234,5696700
2022-10-12,112.3499984741211,112.9800033569336,106.11000061035156,107.47000122070312,5547500
2022-10-13,112.6500015258789,113.12999725341797,105.30000305175781,107.30000305175781,6172500
2022-10-14,109.16000366210938,116.447998046875,109.01000213623047,115.0,5001700
2022-10-17,116.5,116.76000213623047,111.02999877929688,112.33000183105469,5423900
2022-10-18,117.94000244140625,120.70999908447266,115.69999694824219,120.02999877929688,5580000
2022-10-19,116.87000274658203,118.83999633789062,115.30000305175781,116.23500061035156,3408900
2022-10-20,117.0,120.55999755859375,116.0,116.3499984741211,3962200
2022-10-21,119.94999694824219,120.33999633789062,114.63999938964844,116.76000213623047,4146100
2022-10-24,116.38999938964844,119.06999969482422,112.8239974975586,118.33000183105469,4452800
2022-10-25,118.44999694824219,119.37999725341797,112.62999725341797,115.37000274658203,6278900
2022-10-26,115.30999755859375,119.91000366210938,114.97000122070312,117.0,4263100
2022-10-27,112.05999755859375,116.37000274658203,111.92500305175781,116.05000305175781,4594000
2022-10-28,115.20999908447266,115.25,110.38999938964844,111.19000244140625,4757300
2022-10-31,106.91000366210938,113.80000305175781,106.66999816894531,113.05999755859375,10733800
2022-11-01,109.05000305175781,113.0999984741211,108.0,110.96499633789062,15979800
2022-11-02,94.41000366210938,104.9800033569336,94.25,102.6449966430664,29191400
2022-11-03,92.0199966430664,95.30999755859375,91.27200317382812,94.08000183105469,10099300
2022-11-04,96.08999633789062,96.16000366210938,92.01000213623047,94.99500274658203,9717400
2022-11-07,95.45999908447266,97.25,93.27999877929688,96.76000213623047,7972700
2022-11-08,98.9000015258789,101.91899871826172,94.2699966430664,95.52999877929688,7829400
2022-11-09,95.79000091552734,99.08999633789062,95.1500015258789,97.75,4650900
2022-11-10,102.4000015258789,102.5,99.04000091552734,100.91000366210938,7343000
2022-11-11,109.56999969482422,109.7699966430664,102.16000366210938,103.44999694824219,6864400
2022-11-14,105.16000366210938,108.69000244140625,105.04000091552734,107.73999786376953,4951400
2022-11-15,107.01000213623047,111.23500061035156,106.5999984741211,109.2699966430664,5357400
2022-11-16,104.43000030517578,107.69999694824219,104.37999725341797,107.69999694824219,3681800
2022-11-17,99.30000305175781,101.9800033569336,98.8499984741211,101.83000183105469,5181200
2022-11-18,97.7699966430664,100.83999633789062,96.5999984741211,100.83999633789062,5913100
2022-11-21,95.70999908447266,97.8499984741211,93.91999816894531,97.01000213623047,5145700
2022-11-22,95.27999877929688,95.37000274658203,92.9800033569336,93.52999877929688,5951600
2022-11-23,96.62999725341797,97.05000305175781,94.33999633789062,95.55999755859375,4337600
2022-11-25,97.66999816894531,98.83000183105469,96.76000213623047,96.97000122070312,2245100
2022-11-28,95.30000305175781,98.31999969482422,94.80999755859375,97.0,5133900
2022-11-29,95.37999725341797,97.26000213623047,95.30000305175781,96.0999984741211,3694000
2022-11-30,102.13999938964844,102.25,95.72000122070312,95.86000061035156,8387500
2022-12-01,101.2699966430664,102.76000213623047,99.55000305175781,101.48999786376953,5040300
2022-12-02,101.0,101.73999786376953,98.97000122070312,99.25,4128600
2022-12-05,98.51000213623047,101.16999816894531,98.04000091552734,100.0,3601500
2022-12-06,93.12000274658203,98.5,91.9000015258789,98.25,8380900
2022-12-07,91.5,91.66999816894531,86.87999725341797,88.80500030517578,12640500
2022-12-08,94.83000183105469,95.61000061035156,91.75,92.97000122070312,6115700
2022-12-09,94.69999694824219,96.66799926757812,93.23999786376953,93.83999633789062,4405800
2022-12-12,95.58000183105469,95.95999908447266,93.48999786376953,93.76000213623047,4664100
2022-12-13,93.33999633789062,100.6500015258789,93.12000274658203,100.37000274658203,7378900
2022-12-14,93.93000030517578,95.26000213623047,91.20999908447266,93.54000091552734,6737800
2022-12-15,90.61000061035156,92.70999908447266,89.5199966430664,91.5199966430664,5332000
2022-12-16,89.56999969482422,91.29000091552734,88.55999755859375,89.86000061035156,6830200
2022-12-19,85.93000030517578,89.76000213623047,85.4000015258789,89.51000213623047,4717100
2022-12-20,87.62000274658203,90.86000061035156,86.5199966430664,86.70999908447266,7325800
2022-12-21,87.06999969482422,88.79000091552734,86.58999633789062,87.48999786376953,5594800
2022-12-22,84.87000274658203,86.08999633789062,82.58000183105469,85.54000091552734,5643100
2022-12-23,85.25,85.51000213623047,83.5,84.69999694824219,3057700
2022-12-27,83.48999786376953,84.93000030517578,82.83000183105469,84.77999877929688,3982400
2022-12-28,82.48999786376953,84.25,81.91000366210938,83.25,4931700
2022-12-29,85.2300033569336,85.55999755859375,82.29000091552734,82.97000122070312,4031300
2022-12-30,85.5,86.05999755859375,83.5999984741211,83.61000061035156,3372500
